EmployeeID,FirstName,LastName,EmailAddress,JoinedDate,Joined Month
E15359,Cissy,Gallichan,cissy.gallichan@rchg.org.uk,17-Oct-23,October
E12303,Petronella,Kellet,petronella.kellet@rchg.org.uk,16-Oct-19,October
E13635,Elianora,Borge,elianora.borge@rchg.org.uk,1-Oct-18,October
E17294,Lydie,Mathey,lydie.mathey@rchg.org.uk,19-Oct-23,October
E13801,Tymon,Gerlack,tymon.gerlack@rchg.org.uk,10-Oct-19,October
E16198,Otis,Knevit,otis.knevit@rchg.org.uk,18-Oct-22,October
E18818,Annemarie,Kielty,annemarie.kielty@rchg.org.uk,25-Oct-20,October
E15638,Eilis,Keniwell,eilis.keniwell@rchg.org.uk,29-Oct-23,October
E11799,Janie,Bracknall,janie.bracknall@rchg.org.uk,9-Oct-19,October
E12731,Venus,Glison,venus.glison@rchg.org.uk,29-Oct-18,October
E12209,Kellie,Caplen,kellie.caplen@rchg.org.uk,15-Oct-19,October
E12250,Raffarty,Gellion,raffarty.gellion@rchg.org.uk,22-Oct-20,October
E17257,Lanae,Mulchrone,lanae.mulchrone@rchg.org.uk,19-Oct-19,October
E13915,Lilian,Hatwells,lilian.hatwells@rchg.org.uk,30-Oct-18,October
E18027,Katheryn,Flaws,katheryn.flaws@rchg.org.uk,22-Oct-18,October
E12680,Nananne,Schulz,nananne.schulz@rchg.org.uk,5-Oct-20,October
E18563,Jesse,Castille,jesse.castille@rchg.org.uk,7-Oct-24,October
E15121,Agnese,Riolfo,agnese.riolfo@rchg.org.uk,30-Oct-19,October
E11069,Melicent,Caveney,melicent.caveney@rchg.org.uk,28-Oct-24,October
E12741,Cordie,Rosander,cordie.rosander@rchg.org.uk,15-Oct-24,October
E11246,Gwyneth,Linch,gwyneth.linch@rchg.org.uk,19-Oct-18,October
E13071,Greta,Prewer,greta.prewer@rchg.org.uk,30-Oct-19,October
E13857,Gaspard,Gisborne,gaspard.gisborne@rchg.org.uk,22-Oct-24,October
E15490,Edlin,De Benedictis,edlin.de benedictis@rchg.org.uk,20-Oct-19,October
E14391,Ian,Emmanuel,ian.emmanuel@rchg.org.uk,25-Oct-20,October
E13228,Penelopa,Synan,penelopa.synan@rchg.org.uk,21-Oct-19,October
E13984,Kristel,Ould,kristel.ould@rchg.org.uk,31-Oct-18,October
E17170,Alexei,Simecek,alexei.simecek@rchg.org.uk,23-Oct-23,October
E15065,Andrei,Giddins,andrei.giddins@rchg.org.uk,1-Oct-23,October
E18934,Inge,McCooke,inge.mccooke@rchg.org.uk,12-Oct-22,October
E17703,Jamima,Whitlam,jamima.whitlam@rchg.org.uk,9-Oct-20,October
E12691,Decca,Smuth,decca.smuth@rchg.org.uk,26-Oct-21,October
E17492,Grady,Studdard,grady.studdard@rchg.org.uk,4-Oct-20,October
E17580,Jasun,MacGuigan,jasun.macguigan@rchg.org.uk,27-Oct-22,October
E16406,Wenona,Killelea,wenona.killelea@rchg.org.uk,21-Oct-23,October
E15637,Stu,Corsham,stu.corsham@rchg.org.uk,22-Oct-24,October
E15213,Fair,Imlock,fair.imlock@rchg.org.uk,27-Oct-22,October
E13458,Roberta,Sexon,roberta.sexon@rchg.org.uk,6-Oct-19,October
E11109,Killie,Phoenix,killie.phoenix@rchg.org.uk,15-Oct-19,October
E18322,Stan,Riglesford,stan.riglesford@rchg.org.uk,6-Oct-23,October
E14063,Mikey,Provis,mikey.provis@rchg.org.uk,12-Oct-18,October
E11176,Niccolo,Kirtland,niccolo.kirtland@rchg.org.uk,26-Oct-18,October
E18362,Yoshi,Spellicy,yoshi.spellicy@rchg.org.uk,28-Oct-23,October
E17590,Callida,Phelipeaux,callida.phelipeaux@rchg.org.uk,31-Oct-23,October
E13722,Quinn,Broose,quinn.broose@rchg.org.uk,3-Oct-21,October
E15776,Micheal,Martinet,micheal.martinet@rchg.org.uk,23-Oct-22,October
E11612,Fernandina,Brockhouse,fernandina.brockhouse@rchg.org.uk,20-Oct-23,October
E17346,Ilyssa,Frenchum,ilyssa.frenchum@rchg.org.uk,22-Oct-18,October
E12387,Hayyim,Iacoviello,hayyim.iacoviello@rchg.org.uk,12-Oct-24,October
E15422,Patty,Ponder,patty.ponder@rchg.org.uk,29-Oct-20,October
E14885,Igor,Beddall,igor.beddall@rchg.org.uk,2-Oct-19,October
E19148,Bryant,Eddowis,bryant.eddowis@rchg.org.uk,2-Oct-22,October
E11199,Carlota,Cudbertson,carlota.cudbertson@rchg.org.uk,13-Oct-20,October
E17057,Cthrine,Thurnham,cthrine.thurnham@rchg.org.uk,29-Oct-20,October
E11283,Meta,Scarrott,meta.scarrott@rchg.org.uk,28-Oct-23,October
E19902,Novelia,Serman,novelia.serman@rchg.org.uk,21-Oct-24,October
E12515,Julio,Mendez,julio.mendez@rchg.org.uk,14-Oct-22,October
E14678,Pat,Tawse,pat.tawse@rchg.org.uk,12-Oct-21,October
E11781,Sindee,Kimmel,sindee.kimmel@rchg.org.uk,25-Oct-18,October
E18006,Kerwin,Kesby,kerwin.kesby@rchg.org.uk,7-Oct-23,October
E18841,Waylin,Cay,waylin.cay@rchg.org.uk,9-Oct-24,October
E16825,Ronica,Phant,ronica.phant@rchg.org.uk,19-Oct-24,October
E13705,Myrilla,Tremouille,myrilla.tremouille@rchg.org.uk,15-Oct-21,October
E19875,Boycie,Francescuzzi,boycie.francescuzzi@rchg.org.uk,14-Oct-21,October
E17819,Haleigh,O'Donegan,haleigh.o'donegan@rchg.org.uk,22-Oct-20,October
E17910,Ewan,Annable,ewan.annable@rchg.org.uk,30-Oct-21,October
E13359,Lutero,Jochen,lutero.jochen@rchg.org.uk,25-Oct-21,October
E16496,Bradley,Francello,bradley.francello@rchg.org.uk,12-Oct-21,October
E17090,Nikkie,Catlow,nikkie.catlow@rchg.org.uk,13-Oct-23,October
E18813,Coop,Lindsay,coop.lindsay@rchg.org.uk,23-Oct-18,October
E16782,Hettie,Cuthill,hettie.cuthill@rchg.org.uk,29-Oct-24,October
E19535,Carl,Pennrington,carl.pennrington@rchg.org.uk,19-Oct-19,October
E16418,Rocky,Aizikovitch,rocky.aizikovitch@rchg.org.uk,25-Oct-19,October
E13488,Hadleigh,Camfield,hadleigh.camfield@rchg.org.uk,11-Oct-20,October
E18665,Curcio,Cleverly,curcio.cleverly@rchg.org.uk,8-Oct-22,October
E16668,Vivyan,Valek,vivyan.valek@rchg.org.uk,12-Oct-18,October
E17495,Maybelle,Austwick,maybelle.austwick@rchg.org.uk,10-Oct-21,October
E13195,Augie,Wivell,augie.wivell@rchg.org.uk,5-Oct-18,October
E17632,Kylen,Eyckelberg,kylen.eyckelberg@rchg.org.uk,30-Oct-23,October
E12877,Estele,Arrighetti,estele.arrighetti@rchg.org.uk,25-Oct-20,October
E14073,Giustina,Backshill,giustina.backshill@rchg.org.uk,20-Oct-21,October
E12677,Georgina,Duxbury,georgina.duxbury@rchg.org.uk,12-Oct-22,October
E13461,Gianina,Indgs,gianina.indgs@rchg.org.uk,8-Oct-24,October
E12035,Stanwood,Say,stanwood.say@rchg.org.uk,5-Oct-19,October
E14442,Bernita,Hartright,bernita.hartright@rchg.org.uk,12-Oct-24,October
E12221,Daphne,McLeoid,daphne.mcleoid@rchg.org.uk,13-Oct-18,October
E11680,Harcourt,Ewart,harcourt.ewart@rchg.org.uk,4-Oct-23,October
E18784,Raimondo,Cadney,raimondo.cadney@rchg.org.uk,7-Oct-24,October
E14843,Tadio,Polding,tadio.polding@rchg.org.uk,1-Oct-18,October
E18580,Kirbie,Uglow,kirbie.uglow@rchg.org.uk,6-Oct-24,October
E16465,Iolande,Antoniewski,iolande.antoniewski@rchg.org.uk,27-Oct-20,October
E16058,Maurizia,Brownlie,maurizia.brownlie@rchg.org.uk,30-Oct-21,October
E19315,Louis,Ollerhad,louis.ollerhad@rchg.org.uk,6-Jul-21,July
E19845,Ricki,Rentoll,ricki.rentoll@rchg.org.uk,20-Jul-22,July
E17319,Hendrika,Bolgar,hendrika.bolgar@rchg.org.uk,8-Jul-21,July
E13255,Clim,Malone,clim.malone@rchg.org.uk,1-Jul-23,July
E17582,Hercules,Pankhurst.,hercules.pankhurst.@rchg.org.uk,1-Jul-23,July
E13577,Kelila,Cotty,kelila.cotty@rchg.org.uk,13-Jul-20,July
E15588,Tristan,Sember,tristan.sember@rchg.org.uk,4-Jul-19,July
E17838,Avigdor,Gorges,avigdor.gorges@rchg.org.uk,6-Jul-24,July
E16180,Dilly,Lightbown,dilly.lightbown@rchg.org.uk,27-Jul-22,July
E14816,Dion,Coxhead,dion.coxhead@rchg.org.uk,8-Jul-21,July
E13924,Eduino,Beller,eduino.beller@rchg.org.uk,3-Jul-21,July
E11870,Jerry,Acory,jerry.acory@rchg.org.uk,25-Jul-21,July
E17634,Doralin,MacDonald,doralin.macdonald@rchg.org.uk,7-Jul-20,July
E19444,Clair,Romanski,clair.romanski@rchg.org.uk,2-Jul-24,July
E11562,Bren,Quinane,bren.quinane@rchg.org.uk,9-Jul-18,July
E11720,Raf,Spikings,raf.spikings@rchg.org.uk,2-Jul-23,July
E17759,Sissie,Glasspool,sissie.glasspool@rchg.org.uk,31-Jul-23,July
E18133,Klara,Alesio,klara.alesio@rchg.org.uk,25-Jul-18,July
E13148,Devland,Suff,devland.suff@rchg.org.uk,4-Jul-20,July
E14386,Brennan,Valentine,brennan.valentine@rchg.org.uk,26-Jul-20,July
E17486,Ive,Casbolt,ive.casbolt@rchg.org.uk,14-Jul-20,July
E18160,Leoine,Limon,leoine.limon@rchg.org.uk,13-Jul-23,July
E11805,Min,Duesberry,min.duesberry@rchg.org.uk,7-Jul-19,July
E19516,Neale,Moens,neale.moens@rchg.org.uk,9-Jul-22,July
E11878,Carmen,Shelmardine,carmen.shelmardine@rchg.org.uk,9-Jul-20,July
E12203,Jackqueline,Burnhill,jackqueline.burnhill@rchg.org.uk,28-Jul-20,July
E19773,Neila,Gillbee,neila.gillbee@rchg.org.uk,29-Jul-18,July
E15036,Mathilde,Strongitharm,mathilde.strongitharm@rchg.org.uk,13-Jul-23,July
E13045,Ashton,Muncer,ashton.muncer@rchg.org.uk,31-Jul-24,July
E11399,Armstrong,Carlick,armstrong.carlick@rchg.org.uk,28-Jul-18,July
E16053,Sylas,Ballintyne,sylas.ballintyne@rchg.org.uk,20-Jul-18,July
E12467,Rozanna,Geffe,rozanna.geffe@rchg.org.uk,20-Jul-24,July
E12931,Dyanna,Ivery,dyanna.ivery@rchg.org.uk,14-Jul-23,July
E11252,Betteanne,Foxworthy,betteanne.foxworthy@rchg.org.uk,8-Jul-24,July
E16089,Petra,Shank,petra.shank@rchg.org.uk,29-Jul-19,July
E12811,Maribel,Gerant,maribel.gerant@rchg.org.uk,5-Jul-20,July
E13396,Onfre,Isaac,onfre.isaac@rchg.org.uk,9-Jul-23,July
E19684,Shurwood,Blissett,shurwood.blissett@rchg.org.uk,6-Jul-24,July
E18242,Carleen,Northen,carleen.northen@rchg.org.uk,10-Jul-24,July
E14711,Agnese,Aery,agnese.aery@rchg.org.uk,19-Jul-24,July
E19774,Honey,McKinstry,honey.mckinstry@rchg.org.uk,1-Jul-21,July
E16974,Klaus,Ballinghall,klaus.ballinghall@rchg.org.uk,23-Jul-23,July
E16654,Skipp,Froud,skipp.froud@rchg.org.uk,29-Jul-19,July
E15228,Godfry,Baugham,godfry.baugham@rchg.org.uk,2-Jul-18,July
E15685,Felice,Esposi,felice.esposi@rchg.org.uk,10-Jul-21,July
E15944,Brear,Alty,brear.alty@rchg.org.uk,19-Jul-20,July
E17824,Hyacinthia,Lau,hyacinthia.lau@rchg.org.uk,5-Jul-21,July
E17306,Corney,McCreath,corney.mccreath@rchg.org.uk,1-Jul-19,July
E11316,Coretta,Muddimer,coretta.muddimer@rchg.org.uk,30-Jul-19,July
E13172,Jozef,Tabner,jozef.tabner@rchg.org.uk,15-Jul-21,July
E13678,Nona,O'dell,nona.o'dell@rchg.org.uk,22-Jul-20,July
E18407,Llywellyn,Kemetz,llywellyn.kemetz@rchg.org.uk,7-Jul-23,July
E17550,Melodie,Kennford,melodie.kennford@rchg.org.uk,9-Jul-22,July
E16187,Lusa,Cheverton,lusa.cheverton@rchg.org.uk,12-Jul-19,July
E14960,Barton,Dorracott,barton.dorracott@rchg.org.uk,6-Jul-19,July
E15143,Winny,Darton,winny.darton@rchg.org.uk,16-Jul-23,July
E15028,Uriah,Well,uriah.well@rchg.org.uk,26-Jul-20,July
E17643,Abdel,Pittson,abdel.pittson@rchg.org.uk,10-Jul-23,July
E15198,Jaymee,Liddell,jaymee.liddell@rchg.org.uk,6-Jul-18,July
E16833,Frasier,Stute,frasier.stute@rchg.org.uk,6-Jul-18,July
E11921,Erick,MacPeice,erick.macpeice@rchg.org.uk,27-Jul-19,July
E16700,Shellie,Blowing,shellie.blowing@rchg.org.uk,23-Jul-21,July
E12034,Howie,Willbraham,howie.willbraham@rchg.org.uk,23-Jul-23,July
E13752,Bar,Hydes,bar.hydes@rchg.org.uk,10-Jul-21,July
E15039,Penny,Fend,penny.fend@rchg.org.uk,18-Jul-20,July
E19072,Charis,Carlo,charis.carlo@rchg.org.uk,27-Jul-19,July
E13572,Lennard,Wash,lennard.wash@rchg.org.uk,24-Jul-21,July
E11522,Kizzie,Crookall,kizzie.crookall@rchg.org.uk,15-Jul-20,July
E17943,Phaedra,Philliphs,phaedra.philliphs@rchg.org.uk,18-Jul-18,July
E13856,Tarah,Cornish,tarah.cornish@rchg.org.uk,17-Jul-19,July
E17701,Emilio,Doding,emilio.doding@rchg.org.uk,20-Jul-21,July
E19876,Nev,Turgoose,nev.turgoose@rchg.org.uk,27-Jul-22,July
E11515,Jere,Hanning,jere.hanning@rchg.org.uk,22-Jul-19,July
E12820,Suzy,Purple,suzy.purple@rchg.org.uk,6-Jul-22,July
E12156,Aliza,Somes,aliza.somes@rchg.org.uk,8-Jul-18,July
E11506,Dennis,Fass,dennis.fass@rchg.org.uk,13-Jul-24,July
E11253,Jozef,Maloney,jozef.maloney@rchg.org.uk,2-Jul-24,July
E11604,Ambrosius,Gaze,ambrosius.gaze@rchg.org.uk,17-Jul-18,July
E12890,Devin,Balasini,devin.balasini@rchg.org.uk,15-Jul-24,July
E12354,Anet,Edbrooke,anet.edbrooke@rchg.org.uk,13-Jul-21,July
E12710,Sol,Lafont,sol.lafont@rchg.org.uk,16-Jul-24,July
E16348,Dinah,Crenage,dinah.crenage@rchg.org.uk,12-Jul-18,July
E11138,Cy,Grebert,cy.grebert@rchg.org.uk,20-Jul-19,July
E11626,Omar,Dunton,omar.dunton@rchg.org.uk,5-Jul-22,July
E16997,Shurwood,Crowne,shurwood.crowne@rchg.org.uk,1-Jul-21,July
E16474,Horatio,Averay,horatio.averay@rchg.org.uk,24-Jul-21,July
E12389,Luz,Lillecrop,luz.lillecrop@rchg.org.uk,23-Jul-20,July
E12742,Adele,Caurah,adele.caurah@rchg.org.uk,4-Jul-20,July
E12168,Raul,Jesteco,raul.jesteco@rchg.org.uk,22-Jul-24,July
E14844,Lita,Davie,lita.davie@rchg.org.uk,19-Jul-24,July
E15886,Hilary,Sommerling,hilary.sommerling@rchg.org.uk,4-May-20,May
E15115,Tessi,Heartfield,tessi.heartfield@rchg.org.uk,7-May-21,May
E12037,Lucille,Kesby,lucille.kesby@rchg.org.uk,8-May-20,May
E16671,Gabriellia,Bohl,gabriellia.bohl@rchg.org.uk,1-May-24,May
E19635,Andros,Hymas,andros.hymas@rchg.org.uk,25-May-24,May
E18374,Tynan,Physick,tynan.physick@rchg.org.uk,10-May-20,May
E11419,Davita,Kittoe,davita.kittoe@rchg.org.uk,13-May-18,May
E19222,Olly,Donaldson,olly.donaldson@rchg.org.uk,10-May-18,May
E14457,Lorine,Chiplen,lorine.chiplen@rchg.org.uk,2-May-22,May
E14064,Fan,Matthis,fan.matthis@rchg.org.uk,14-May-23,May
E11906,Thaxter,Holbury,thaxter.holbury@rchg.org.uk,22-May-23,May
E17030,Kirstyn,Iacovazzi,kirstyn.iacovazzi@rchg.org.uk,2-May-24,May
E16258,Rutger,Fassbender,rutger.fassbender@rchg.org.uk,17-May-24,May
E15530,Genovera,Passion,genovera.passion@rchg.org.uk,14-May-18,May
E11076,Chrisy,Matyushkin,chrisy.matyushkin@rchg.org.uk,12-May-21,May
E12001,Dirk,Doherty,dirk.doherty@rchg.org.uk,14-May-19,May
E17686,Nefen,Dennert,nefen.dennert@rchg.org.uk,21-May-21,May
E15893,Ashlan,Jemmison,ashlan.jemmison@rchg.org.uk,13-May-23,May
E18791,Adorne,Heijne,adorne.heijne@rchg.org.uk,7-May-19,May
E15182,Kandace,Androli,kandace.androli@rchg.org.uk,16-May-22,May
E19407,Skye,Capener,skye.capener@rchg.org.uk,14-May-20,May
E13594,Page,Lindblom,page.lindblom@rchg.org.uk,14-May-21,May
E13992,Jeramie,Fritchly,jeramie.fritchly@rchg.org.uk,6-May-19,May
E18253,Archambault,O' Mara,archambault.o' mara@rchg.org.uk,14-May-19,May
E19500,Theressa,Coniam,theressa.coniam@rchg.org.uk,8-May-21,May
E11345,Izak,Bernardelli,izak.bernardelli@rchg.org.uk,19-May-21,May
E11048,Mitzi,Scole,mitzi.scole@rchg.org.uk,15-May-18,May
E19601,Kissee,Oldred,kissee.oldred@rchg.org.uk,6-May-24,May
E18044,Erda,Mebius,erda.mebius@rchg.org.uk,8-May-18,May
E18081,Kania,Kitcat,kania.kitcat@rchg.org.uk,13-May-22,May
E17277,Channa,Spenceley,channa.spenceley@rchg.org.uk,22-May-23,May
E19631,Iolande,Andrini,iolande.andrini@rchg.org.uk,22-May-23,May
E16576,Aloysius,Coleford,aloysius.coleford@rchg.org.uk,2-May-21,May
E16123,Isis,Montford,isis.montford@rchg.org.uk,8-May-24,May
E19245,Giuseppe,Durbann,giuseppe.durbann@rchg.org.uk,24-May-22,May
E16519,Claudian,Ainsby,claudian.ainsby@rchg.org.uk,28-May-19,May
E17381,Kial,Bewfield,kial.bewfield@rchg.org.uk,24-May-22,May
E11476,Shepherd,Ackroyd,shepherd.ackroyd@rchg.org.uk,8-May-18,May
E19985,Davine,Jeannet,davine.jeannet@rchg.org.uk,15-May-19,May
E16195,Hobie,Firle,hobie.firle@rchg.org.uk,25-May-18,May
E17837,Annecorinne,Stoner,annecorinne.stoner@rchg.org.uk,2-May-23,May
E13723,Bobbe,Stembridge,bobbe.stembridge@rchg.org.uk,19-May-20,May
E16164,Brear,Taill,brear.taill@rchg.org.uk,20-May-23,May
E11033,Dixie,Lillford,dixie.lillford@rchg.org.uk,17-May-20,May
E18210,Devondra,Goundry,devondra.goundry@rchg.org.uk,26-May-23,May
E17436,Adolpho,Tailby,adolpho.tailby@rchg.org.uk,25-May-19,May
E18922,Teresa,Rhule,teresa.rhule@rchg.org.uk,3-May-20,May
E15675,Elenore,Stiggers,elenore.stiggers@rchg.org.uk,22-May-24,May
E11980,Annabell,Rogers,annabell.rogers@rchg.org.uk,23-May-19,May
E14379,Lari,Legate,lari.legate@rchg.org.uk,23-May-20,May
E11654,Yolande,Watt,yolande.watt@rchg.org.uk,9-May-18,May
E14461,Bailie,Martinot,bailie.martinot@rchg.org.uk,16-May-24,May
E16188,Leontine,Rylett,leontine.rylett@rchg.org.uk,9-May-21,May
E11427,Garrek,Gunstone,garrek.gunstone@rchg.org.uk,28-May-21,May
E17481,Kelli,Soldan,kelli.soldan@rchg.org.uk,7-May-20,May
E17953,Judas,Alekseev,judas.alekseev@rchg.org.uk,14-May-19,May
E12702,Aila,Sickamore,aila.sickamore@rchg.org.uk,14-May-21,May
E17895,Ernestine,Beadnall,ernestine.beadnall@rchg.org.uk,3-May-23,May
E16805,Genia,Ashburner,genia.ashburner@rchg.org.uk,30-May-22,May
E18435,Sayre,Jerome,sayre.jerome@rchg.org.uk,15-May-22,May
E16761,Jareb,Brearty,jareb.brearty@rchg.org.uk,16-May-20,May
E12085,Fanchette,Mattiacci,fanchette.mattiacci@rchg.org.uk,11-May-23,May
E13653,Madeleine,Willcot,madeleine.willcot@rchg.org.uk,21-May-19,May
E18938,Christin,Backe,christin.backe@rchg.org.uk,29-May-22,May
E15127,Victor,Asprey,victor.asprey@rchg.org.uk,5-May-19,May
E16846,Webster,Yukhnin,webster.yukhnin@rchg.org.uk,30-May-23,May
E12419,Addie,Wrout,addie.wrout@rchg.org.uk,23-May-19,May
E18577,Vin,Syne,vin.syne@rchg.org.uk,28-May-23,May
E19871,Dominic,Battle,dominic.battle@rchg.org.uk,19-May-19,May
E16042,Alwyn,Sarton,alwyn.sarton@rchg.org.uk,12-May-19,May
E17780,Jewell,Jowle,jewell.jowle@rchg.org.uk,15-May-18,May
E15918,Waneta,Beadnell,waneta.beadnell@rchg.org.uk,10-May-24,May
E16439,Verne,Menpes,verne.menpes@rchg.org.uk,23-May-23,May
E17403,Fabe,Morde,fabe.morde@rchg.org.uk,12-May-21,May
E18150,Olia,Smewings,olia.smewings@rchg.org.uk,19-May-22,May
E12118,Carmelle,Kittiman,carmelle.kittiman@rchg.org.uk,13-May-24,May
E15565,Ford,Boas,ford.boas@rchg.org.uk,22-May-18,May
E13136,Pavel,Windeatt,pavel.windeatt@rchg.org.uk,7-May-19,May
E18998,Robenia,Strase,robenia.strase@rchg.org.uk,20-May-23,May
E15725,Alane,Elener,alane.elener@rchg.org.uk,18-May-22,May
E13357,Ichabod,Danielski,ichabod.danielski@rchg.org.uk,21-May-20,May
E16530,Casie,Janek,casie.janek@rchg.org.uk,28-May-19,May
E12769,Jolee,Parsisson,jolee.parsisson@rchg.org.uk,29-May-22,May
E15084,Crissy,Celloni,crissy.celloni@rchg.org.uk,13-May-18,May
E16598,Archibold,Bucham,archibold.bucham@rchg.org.uk,20-May-21,May
E16818,Carri,Tarbin,carri.tarbin@rchg.org.uk,25-May-20,May
E14791,Akim,Shelf,akim.shelf@rchg.org.uk,25-Mar-19,March
E19977,Reidar,Pennetti,reidar.pennetti@rchg.org.uk,27-Mar-24,March
E13920,Winne,Salkeld,winne.salkeld@rchg.org.uk,31-Mar-24,March
E13127,Magdalene,Sturr,magdalene.sturr@rchg.org.uk,4-Mar-19,March
E13293,Star,MacGiolla Pheadair,star.macgiolla pheadair@rchg.org.uk,29-Mar-24,March
E12374,Phyllida,Woakes,phyllida.woakes@rchg.org.uk,27-Mar-18,March
E12761,Tremayne,Towsie,tremayne.towsie@rchg.org.uk,22-Mar-24,March
E11413,Marylin,Maase,marylin.maase@rchg.org.uk,13-Mar-24,March
E19061,Daniela,Mark,daniela.mark@rchg.org.uk,29-Mar-18,March
E11947,Layney,Oswick,layney.oswick@rchg.org.uk,9-Mar-20,March
E17236,Eldredge,Gallichan,eldredge.gallichan@rchg.org.uk,13-Mar-23,March
E17629,Penny,Gregs,penny.gregs@rchg.org.uk,18-Mar-23,March
E12775,Barbey,Whorlow,barbey.whorlow@rchg.org.uk,13-Mar-20,March
E19438,Marcelo,Allin,marcelo.allin@rchg.org.uk,27-Mar-21,March
E17176,Juditha,Lait,juditha.lait@rchg.org.uk,31-Mar-21,March
E13393,Conny,Sloy,conny.sloy@rchg.org.uk,30-Mar-19,March
E19141,Lorine,Verheijden,lorine.verheijden@rchg.org.uk,31-Mar-20,March
E18289,Loraine,Ottosen,loraine.ottosen@rchg.org.uk,15-Mar-23,March
E16881,Carmencita,Moodie,carmencita.moodie@rchg.org.uk,9-Mar-24,March
E19398,Esteban,Eatherton,esteban.eatherton@rchg.org.uk,30-Mar-18,March
E16820,Drucie,Cullnean,drucie.cullnean@rchg.org.uk,3-Mar-22,March
E15531,Merle,Purvess,merle.purvess@rchg.org.uk,13-Mar-20,March
E17132,Redd,Gwyn,redd.gwyn@rchg.org.uk,5-Mar-22,March
E18241,Samson,Ateridge,samson.ateridge@rchg.org.uk,25-Mar-21,March
E16114,Nike,Whitta,nike.whitta@rchg.org.uk,31-Mar-19,March
E12073,Sky,Soffe,sky.soffe@rchg.org.uk,29-Mar-20,March
E13368,Boyce,Van der Baaren,boyce.van der baaren@rchg.org.uk,3-Mar-18,March
E19740,Agata,Lockery,agata.lockery@rchg.org.uk,10-Mar-24,March
E14516,Lianne,McCarlie,lianne.mccarlie@rchg.org.uk,22-Mar-21,March
E12271,Alleen,Mardling,alleen.mardling@rchg.org.uk,21-Mar-24,March
E12084,Adham,Aireton,adham.aireton@rchg.org.uk,3-Mar-19,March
E15622,Nicolette,Matijevic,nicolette.matijevic@rchg.org.uk,11-Mar-22,March
E12202,Catlin,Berthe,catlin.berthe@rchg.org.uk,21-Mar-21,March
E17950,Isidoro,Eggins,isidoro.eggins@rchg.org.uk,11-Mar-18,March
E11752,Killie,Draycott,killie.draycott@rchg.org.uk,14-Mar-18,March
E13518,Donn,Berisford,donn.berisford@rchg.org.uk,30-Mar-23,March
E15491,Meghan,O'Lunny,meghan.o'lunny@rchg.org.uk,13-Mar-23,March
E13709,Bentlee,Johns,bentlee.johns@rchg.org.uk,13-Mar-23,March
E14627,Jamie,Gaul,jamie.gaul@rchg.org.uk,9-Mar-24,March
E12014,Greggory,O'Sharry,greggory.o'sharry@rchg.org.uk,11-Mar-24,March
E14920,Annmarie,Mound,annmarie.mound@rchg.org.uk,14-Mar-20,March
E11959,Gill,Talkington,gill.talkington@rchg.org.uk,15-Mar-22,March
E19345,Shelby,Headrick,shelby.headrick@rchg.org.uk,3-Mar-24,March
E13898,Gian,Finders,gian.finders@rchg.org.uk,21-Mar-20,March
E18967,Mack,Pedgrift,mack.pedgrift@rchg.org.uk,5-Mar-22,March
E19602,Nicol,Schlag,nicol.schlag@rchg.org.uk,19-Mar-23,March
E19311,Muffin,Sullly,muffin.sullly@rchg.org.uk,23-Mar-18,March
E15668,Ignace,Pothbury,ignace.pothbury@rchg.org.uk,24-Mar-24,March
E19478,Linet,Domesday,linet.domesday@rchg.org.uk,8-Mar-23,March
E17009,Patric,Bugbird,patric.bugbird@rchg.org.uk,11-Mar-19,March
E12517,Cornelle,Bulley,cornelle.bulley@rchg.org.uk,22-Mar-22,March
E15032,Idalina,Maunton,idalina.maunton@rchg.org.uk,22-Mar-23,March
E18293,Roby,Josipovic,roby.josipovic@rchg.org.uk,22-Mar-18,March
E16162,Corabella,Haller,corabella.haller@rchg.org.uk,11-Mar-20,March
E17525,Quint,Forst,quint.forst@rchg.org.uk,9-Mar-21,March
E16415,Arther,Bascomb,arther.bascomb@rchg.org.uk,13-Mar-24,March
E18412,Pail,Stoite,pail.stoite@rchg.org.uk,6-Mar-24,March
E16245,Zebulon,Lyburn,zebulon.lyburn@rchg.org.uk,17-Mar-22,March
E13360,Sammy,Tithacott,sammy.tithacott@rchg.org.uk,23-Mar-20,March
E11219,Stewart,Ferber,stewart.ferber@rchg.org.uk,24-Mar-19,March
E11453,Deck,Wem,deck.wem@rchg.org.uk,11-Mar-22,March
E12174,Cass,Stanlick,cass.stanlick@rchg.org.uk,20-Mar-24,March
E19257,Trace,Stovell,trace.stovell@rchg.org.uk,21-Mar-18,March
E17959,Livvyy,Haisell,livvyy.haisell@rchg.org.uk,3-Mar-24,March
E19449,Thornie,Hoffner,thornie.hoffner@rchg.org.uk,14-Mar-23,March
E18028,Melisse,Stephens,melisse.stephens@rchg.org.uk,25-Mar-18,March
E17074,Robin,Godart,robin.godart@rchg.org.uk,25-Mar-21,March
E13162,Harley,Gribbell,harley.gribbell@rchg.org.uk,1-Mar-24,March
E12733,Esteban,Toop,esteban.toop@rchg.org.uk,19-Mar-24,March
E16812,Philippine,Ewebank,philippine.ewebank@rchg.org.uk,27-Mar-23,March
E18787,Duncan,Westnedge,duncan.westnedge@rchg.org.uk,10-Mar-22,March
E14277,Portia,Plom,portia.plom@rchg.org.uk,11-Mar-24,March
E16182,Kellia,Barrick,kellia.barrick@rchg.org.uk,1-Mar-20,March
E14212,Enid,Schoolfield,enid.schoolfield@rchg.org.uk,18-Mar-22,March
E11768,Curran,Heskin,curran.heskin@rchg.org.uk,18-Mar-24,March
E12413,Herby,Dain,herby.dain@rchg.org.uk,12-Mar-24,March
E13468,Teddie,Chainey,teddie.chainey@rchg.org.uk,4-Mar-21,March
E16572,Agata,MacPhaden,agata.macphaden@rchg.org.uk,13-Mar-25,March
E16402,Gus,Halbord,gus.halbord@rchg.org.uk,14-Mar-23,March
E13067,Gayler,Whyborn,gayler.whyborn@rchg.org.uk,31-Mar-22,March
E13726,Field,Szanto,field.szanto@rchg.org.uk,11-Mar-24,March
E19064,Carol-jean,Gianolo,carol-jean.gianolo@rchg.org.uk,30-Mar-21,March
E19971,Giralda,Maskelyne,giralda.maskelyne@rchg.org.uk,24-Mar-21,March
E13626,Newton,Storck,newton.storck@rchg.org.uk,6-Nov-23,November
E14395,Valerye,Hammant,valerye.hammant@rchg.org.uk,30-Nov-20,November
E17546,Dalia,Aartsen,dalia.aartsen@rchg.org.uk,13-Nov-22,November
E15322,Dean,Overbury,dean.overbury@rchg.org.uk,28-Nov-20,November
E11986,Mayne,Zorn,mayne.zorn@rchg.org.uk,23-Nov-18,November
E14919,Marika,Hunnaball,marika.hunnaball@rchg.org.uk,28-Nov-19,November
E11818,Cory,Cormack,cory.cormack@rchg.org.uk,29-Nov-23,November
E11105,Carlie,Heersema,carlie.heersema@rchg.org.uk,16-Nov-22,November
E15931,Clerissa,Rottcher,clerissa.rottcher@rchg.org.uk,25-Nov-18,November
E11065,Jacynth,Rothert,jacynth.rothert@rchg.org.uk,23-Nov-21,November
E11860,Dorie,Stickens,dorie.stickens@rchg.org.uk,21-Nov-24,November
E18648,Julian,Perton,julian.perton@rchg.org.uk,6-Nov-18,November
E12289,Rayner,Saile,rayner.saile@rchg.org.uk,10-Nov-19,November
E15164,Coralie,Hollingshead,coralie.hollingshead@rchg.org.uk,3-Nov-24,November
E11324,Tallou,Honniebal,tallou.honniebal@rchg.org.uk,24-Nov-21,November
E13145,Cristiano,Conkay,cristiano.conkay@rchg.org.uk,19-Nov-24,November
E17683,Jocelyn,Sayse,jocelyn.sayse@rchg.org.uk,6-Nov-22,November
E13608,Darryl,Hortop,darryl.hortop@rchg.org.uk,7-Nov-21,November
E15995,Bartholomeo,Robertshaw,bartholomeo.robertshaw@rchg.org.uk,3-Nov-21,November
E19544,Itch,Daviot,itch.daviot@rchg.org.uk,29-Nov-20,November
E18118,Olivie,McCalum,olivie.mccalum@rchg.org.uk,19-Nov-23,November
E15061,Goldi,Eveling,goldi.eveling@rchg.org.uk,3-Nov-23,November
E17490,Ketty,Heys,ketty.heys@rchg.org.uk,2-Nov-23,November
E14958,Vern,Fernihough,vern.fernihough@rchg.org.uk,16-Nov-21,November
E15648,Olwen,Jump,olwen.jump@rchg.org.uk,21-Nov-20,November
E16068,Amory,Whitelaw,amory.whitelaw@rchg.org.uk,10-Nov-21,November
E13535,Linoel,Skip,linoel.skip@rchg.org.uk,4-Nov-21,November
E16011,Winny,Maydway,winny.maydway@rchg.org.uk,5-Nov-22,November
E12235,Meridel,Guisby,meridel.guisby@rchg.org.uk,13-Nov-21,November
E17062,Henryetta,Haycox,henryetta.haycox@rchg.org.uk,8-Nov-19,November
E19162,Addie,Randell,addie.randell@rchg.org.uk,25-Nov-20,November
E11549,Tillie,Petworth,tillie.petworth@rchg.org.uk,13-Nov-19,November
E12336,Maddie,Stanyard,maddie.stanyard@rchg.org.uk,8-Nov-21,November
E19028,Kort,Chuter,kort.chuter@rchg.org.uk,2-Nov-20,November
E17377,Delcine,Snoxall,delcine.snoxall@rchg.org.uk,5-Nov-18,November
E15113,Helenka,Dunstone,helenka.dunstone@rchg.org.uk,18-Nov-24,November
E16013,Anthe,Wallwork,anthe.wallwork@rchg.org.uk,18-Nov-21,November
E11801,Allys,Insole,allys.insole@rchg.org.uk,21-Nov-21,November
E14674,Noni,Gommes,noni.gommes@rchg.org.uk,13-Nov-23,November
E18835,Frank,Orteu,frank.orteu@rchg.org.uk,13-Nov-19,November
E12394,Baryram,Armitt,baryram.armitt@rchg.org.uk,26-Nov-21,November
E16185,Jenny,Andriolli,jenny.andriolli@rchg.org.uk,5-Nov-22,November
E14019,Renaldo,Hatcliffe,renaldo.hatcliffe@rchg.org.uk,29-Nov-22,November
E19417,Jehu,Caff,jehu.caff@rchg.org.uk,23-Nov-22,November
E11382,Michail,Sindell,michail.sindell@rchg.org.uk,19-Nov-19,November
E16396,Morey,Sirey,morey.sirey@rchg.org.uk,26-Nov-24,November
E17891,Mari,McShee,mari.mcshee@rchg.org.uk,20-Nov-23,November
E12143,Dorolisa,Eates,dorolisa.eates@rchg.org.uk,16-Nov-20,November
E14206,Dory,Babber,dory.babber@rchg.org.uk,12-Nov-20,November
E14034,Moira,Welbourn,moira.welbourn@rchg.org.uk,25-Nov-20,November
E17667,Luce,Metzke,luce.metzke@rchg.org.uk,15-Nov-18,November
E15952,Pinchas,Persse,pinchas.persse@rchg.org.uk,3-Nov-23,November
E15533,Adriana,Kuzma,adriana.kuzma@rchg.org.uk,13-Nov-20,November
E12267,Sherman,Cossar,sherman.cossar@rchg.org.uk,10-Nov-20,November
E11541,Roth,Kidsley,roth.kidsley@rchg.org.uk,21-Nov-19,November
E18269,Teodoor,Lorie,teodoor.lorie@rchg.org.uk,16-Nov-18,November
E16209,Merrily,Aylen,merrily.aylen@rchg.org.uk,18-Nov-21,November
E14703,Shurwood,Shorthouse,shurwood.shorthouse@rchg.org.uk,11-Nov-22,November
E15943,Carline,Smorthwaite,carline.smorthwaite@rchg.org.uk,13-Nov-23,November
E16888,Ingamar,Wilson,ingamar.wilson@rchg.org.uk,28-Nov-22,November
E18883,Christiane,Petrecz,christiane.petrecz@rchg.org.uk,6-Nov-19,November
E15990,Charlotta,Gillatt,charlotta.gillatt@rchg.org.uk,22-Nov-24,November
E18064,Hewe,McIan,hewe.mcian@rchg.org.uk,29-Nov-18,November
E19236,Dacia,Ruller,dacia.ruller@rchg.org.uk,1-Nov-21,November
E15191,Starlin,Duthie,starlin.duthie@rchg.org.uk,30-Nov-23,November
E11859,Tobe,Curphey,tobe.curphey@rchg.org.uk,11-Nov-21,November
E15607,Darby,Lunnon,darby.lunnon@rchg.org.uk,5-Nov-19,November
E19194,Isidora,Juarez,isidora.juarez@rchg.org.uk,29-Nov-23,November
E11265,Papagena,Hansie,papagena.hansie@rchg.org.uk,27-Nov-24,November
E14886,Isaiah,Fassbindler,isaiah.fassbindler@rchg.org.uk,23-Nov-19,November
E19725,Selma,Hadgkiss,selma.hadgkiss@rchg.org.uk,17-Nov-19,November
E15513,Renault,Posnett,renault.posnett@rchg.org.uk,16-Nov-20,November
E18179,Margie,McLarty,margie.mclarty@rchg.org.uk,18-Nov-21,November
E17790,Vinnie,Faltin,vinnie.faltin@rchg.org.uk,30-Nov-23,November
E15188,Rudolfo,Abramcik,rudolfo.abramcik@rchg.org.uk,28-Nov-20,November
E17939,Celestine,Ballentime,celestine.ballentime@rchg.org.uk,15-Nov-21,November
E11127,Tawnya,Ecob,tawnya.ecob@rchg.org.uk,13-Nov-19,November
E15611,Skippie,Abbey,skippie.abbey@rchg.org.uk,10-Nov-21,November
E11346,Dionne,Kunzler,dionne.kunzler@rchg.org.uk,28-Nov-22,November
E17990,Florette,Aronov,florette.aronov@rchg.org.uk,21-Nov-19,November
E14128,Mandel,Wyse,mandel.wyse@rchg.org.uk,21-Nov-20,November
E12658,Gregor,Jeschner,gregor.jeschner@rchg.org.uk,3-Jan-24,January
E11037,Ervin,Roome,ervin.roome@rchg.org.uk,28-Jan-24,January
E16074,Anatollo,Padfield,anatollo.padfield@rchg.org.uk,17-Jan-19,January
E13525,Yvon,Krysztowczyk,yvon.krysztowczyk@rchg.org.uk,10-Jan-24,January
E17919,Neal,Harrhy,neal.harrhy@rchg.org.uk,11-Jan-23,January
E11110,Kaylee,Hebbes,kaylee.hebbes@rchg.org.uk,12-Jan-23,January
E18556,Wadsworth,Schneider,wadsworth.schneider@rchg.org.uk,4-Jan-22,January
E14362,Elena,MacKowle,elena.mackowle@rchg.org.uk,17-Jan-22,January
E19251,Deina,Gerkens,deina.gerkens@rchg.org.uk,31-Jan-24,January
E12115,Alberik,Olliver,alberik.olliver@rchg.org.uk,12-Jan-20,January
E14673,Paxon,Wall,paxon.wall@rchg.org.uk,18-Jan-20,January
E15009,Trudie,Kitchingman,trudie.kitchingman@rchg.org.uk,23-Jan-24,January
E13132,Evered,Owtram,evered.owtram@rchg.org.uk,20-Jan-21,January
E11643,Merilee,MacCroary,merilee.maccroary@rchg.org.uk,29-Jan-24,January
E15876,Lanny,Petersen,lanny.petersen@rchg.org.uk,29-Jan-20,January
E12190,Brocky,Downes,brocky.downes@rchg.org.uk,6-Jan-21,January
E15903,Lisa,Shadfourth,lisa.shadfourth@rchg.org.uk,30-Jan-22,January
E19670,Sukey,Billingham,sukey.billingham@rchg.org.uk,1-Jan-19,January
E11620,Brear,Dunican,brear.dunican@rchg.org.uk,24-Jan-21,January
E13605,Jacquelyn,Di Franceshci,jacquelyn.di franceshci@rchg.org.uk,14-Jan-21,January
E13729,Melitta,Beevens,melitta.beevens@rchg.org.uk,2-Jan-22,January
E14316,Leonardo,Vaz,leonardo.vaz@rchg.org.uk,13-Jan-19,January
E14260,Morley,Tuer,morley.tuer@rchg.org.uk,23-Jan-19,January
E11467,Vernor,Kelston,vernor.kelston@rchg.org.uk,12-Jan-23,January
E18055,My,Carlet,my.carlet@rchg.org.uk,18-Jan-22,January
E16838,Shannan,Clemmen,shannan.clemmen@rchg.org.uk,7-Jan-20,January
E15015,Bartolemo,Halden,bartolemo.halden@rchg.org.uk,29-Jan-19,January
E16305,Sharline,Wintringham,sharline.wintringham@rchg.org.uk,14-Jan-19,January
E13967,Evangelia,Ebbers,evangelia.ebbers@rchg.org.uk,21-Jan-20,January
E14189,Gaylord,Leighton,gaylord.leighton@rchg.org.uk,9-Jan-24,January
E15829,Maribeth,Ivashechkin,maribeth.ivashechkin@rchg.org.uk,18-Jan-22,January
E17465,Wilbur,Howitt,wilbur.howitt@rchg.org.uk,27-Jan-21,January
E13352,Bartram,Calleja,bartram.calleja@rchg.org.uk,30-Jan-24,January
E13117,Emeline,Karlolak,emeline.karlolak@rchg.org.uk,28-Jan-24,January
E14118,Cecilio,Morit,cecilio.morit@rchg.org.uk,26-Jan-20,January
E11496,Carree,Lutas,carree.lutas@rchg.org.uk,7-Jan-24,January
E12311,Alvin,Phippin,alvin.phippin@rchg.org.uk,19-Jan-20,January
E18610,Lauryn,Very,lauryn.very@rchg.org.uk,15-Jan-19,January
E18990,Vittorio,Southwick,vittorio.southwick@rchg.org.uk,5-Jan-23,January
E13274,Thorin,Jeroch,thorin.jeroch@rchg.org.uk,2-Jan-20,January
E16277,Augustine,Seamarke,augustine.seamarke@rchg.org.uk,27-Jan-23,January
E17694,Claude,Randalson,claude.randalson@rchg.org.uk,11-Jan-21,January
E13996,Cindelyn,Donnett,cindelyn.donnett@rchg.org.uk,18-Jan-20,January
E16932,Lillis,Brearton,lillis.brearton@rchg.org.uk,26-Jan-18,January
E17934,Sinclair,Ickovitz,sinclair.ickovitz@rchg.org.uk,23-Jan-24,January
E14496,Roselia,Clapshaw,roselia.clapshaw@rchg.org.uk,8-Jan-20,January
E17527,Thibaud,Santo,thibaud.santo@rchg.org.uk,14-Jan-22,January
E12589,Stefania,le Keux,stefania.le keux@rchg.org.uk,6-Jan-22,January
E12455,Phebe,Taillard,phebe.taillard@rchg.org.uk,22-Jan-19,January
E15271,Rosaline,Nussgen,rosaline.nussgen@rchg.org.uk,30-Jan-24,January
E11452,Sunny,Hartland,sunny.hartland@rchg.org.uk,4-Jan-24,January
E19584,Monte,Durtnell,monte.durtnell@rchg.org.uk,9-Jan-19,January
E15354,Dacie,Soldan,dacie.soldan@rchg.org.uk,18-Jan-22,January
E12882,Yanaton,Hanalan,yanaton.hanalan@rchg.org.uk,15-Jan-23,January
E17496,Steve,Pender,steve.pender@rchg.org.uk,22-Jan-24,January
E19685,Shelton,Spring,shelton.spring@rchg.org.uk,31-Jan-19,January
E13880,Ennis,Inmett,ennis.inmett@rchg.org.uk,27-Jan-22,January
E17447,Joan,Van Vuuren,joan.van vuuren@rchg.org.uk,19-Jan-19,January
E14093,Maible,Buffham,maible.buffham@rchg.org.uk,2-Jan-23,January
E15964,Brietta,Tinsley,brietta.tinsley@rchg.org.uk,20-Jan-24,January
E15512,Jena,Sherwill,jena.sherwill@rchg.org.uk,12-Jan-19,January
E19460,Berte,Kauscher,berte.kauscher@rchg.org.uk,12-Jan-20,January
E18399,Gerta,Runnacles,gerta.runnacles@rchg.org.uk,31-Jan-20,January
E17781,Ivett,Deshorts,ivett.deshorts@rchg.org.uk,11-Jan-20,January
E19032,Amby,Biles,amby.biles@rchg.org.uk,13-Jan-19,January
E11628,Lon,Hendren,lon.hendren@rchg.org.uk,24-Jan-24,January
E14563,Melicent,Bradnam,melicent.bradnam@rchg.org.uk,12-Jan-19,January
E17368,Maribeth,Bhatia,maribeth.bhatia@rchg.org.uk,8-Jan-19,January
E13611,Sonnnie,Eberst,sonnnie.eberst@rchg.org.uk,26-Jan-22,January
E18433,Sky,Di Francesco,sky.di francesco@rchg.org.uk,8-Jan-24,January
E14575,Camila,Blazy,camila.blazy@rchg.org.uk,20-Jan-18,January
E11247,Edna,Mapplethorpe,edna.mapplethorpe@rchg.org.uk,27-Jan-21,January
E13193,Cassey,Clarson,cassey.clarson@rchg.org.uk,12-Jan-25,January
E18591,Tisha,Mattiacci,tisha.mattiacci@rchg.org.uk,17-Jan-19,January
E11362,Alicia,Newdick,alicia.newdick@rchg.org.uk,10-Jan-21,January
E11769,Cirilo,Anderson,cirilo.anderson@rchg.org.uk,29-Jan-22,January
E11455,Rosetta,Faircloth,rosetta.faircloth@rchg.org.uk,2-Jan-19,January
E16038,Dall,Hellwing,dall.hellwing@rchg.org.uk,7-Jan-20,January
E15244,Noelle,Atcock,noelle.atcock@rchg.org.uk,9-Dec-21,December
E13649,Erma,Matschke,erma.matschke@rchg.org.uk,4-Dec-20,December
E13556,Jenilee,Littledike,jenilee.littledike@rchg.org.uk,17-Dec-20,December
E18026,Dina,Jilkes,dina.jilkes@rchg.org.uk,20-Dec-23,December
E14696,Maxwell,Januszkiewicz,maxwell.januszkiewicz@rchg.org.uk,17-Dec-23,December
E16816,Brier,Livick,brier.livick@rchg.org.uk,7-Dec-19,December
E11887,Carola,Colleford,carola.colleford@rchg.org.uk,15-Dec-19,December
E19056,Teodora,McTague,teodora.mctague@rchg.org.uk,24-Dec-20,December
E13671,Gavra,Winkle,gavra.winkle@rchg.org.uk,9-Dec-21,December
E14905,Jeralee,Balaisot,jeralee.balaisot@rchg.org.uk,12-Dec-18,December
E14850,Wainwright,Prigmore,wainwright.prigmore@rchg.org.uk,13-Dec-18,December
E12314,Wilmette,Minihan,wilmette.minihan@rchg.org.uk,25-Dec-18,December
E17512,Blane,Held,blane.held@rchg.org.uk,18-Dec-23,December
E18912,Sibby,Clemencon,sibby.clemencon@rchg.org.uk,21-Dec-19,December
E15908,Scarface,McGinnell,scarface.mcginnell@rchg.org.uk,27-Dec-22,December
E17502,Jocelyn,Van Oort,jocelyn.van oort@rchg.org.uk,14-Dec-22,December
E15683,Tessie,Roselli,tessie.roselli@rchg.org.uk,28-Dec-23,December
E14576,Rosemonde,Bowick,rosemonde.bowick@rchg.org.uk,30-Dec-20,December
E12379,Cass,Toffaloni,cass.toffaloni@rchg.org.uk,25-Dec-21,December
E16085,Caterina,Tassel,caterina.tassel@rchg.org.uk,27-Dec-23,December
E14161,Gannie,Stanley,gannie.stanley@rchg.org.uk,10-Dec-18,December
E17198,Perice,Pittel,perice.pittel@rchg.org.uk,14-Dec-20,December
E12899,Bud,Ruthen,bud.ruthen@rchg.org.uk,24-Dec-23,December
E17562,Karlie,Stearnes,karlie.stearnes@rchg.org.uk,30-Dec-18,December
E14616,Rosaleen,Pritty,rosaleen.pritty@rchg.org.uk,16-Dec-23,December
E12178,Petrina,Brownsall,petrina.brownsall@rchg.org.uk,14-Dec-21,December
E14276,Jennie,Venable,jennie.venable@rchg.org.uk,2-Dec-21,December
E16549,Davy,Revelle,davy.revelle@rchg.org.uk,20-Dec-20,December
E17925,Vere,Pinchin,vere.pinchin@rchg.org.uk,9-Dec-20,December
E13676,Brennan,Steinson,brennan.steinson@rchg.org.uk,23-Dec-20,December
E12738,Iseabal,Osmint,iseabal.osmint@rchg.org.uk,2-Dec-24,December
E19320,Odelia,Poacher,odelia.poacher@rchg.org.uk,31-Dec-23,December
E19074,Feliks,Phettiplace,feliks.phettiplace@rchg.org.uk,21-Dec-19,December
E14231,Niccolo,Brocket,niccolo.brocket@rchg.org.uk,31-Dec-22,December
E11803,Robinet,Cadalleder,robinet.cadalleder@rchg.org.uk,8-Dec-21,December
E11655,Vlad,Sutterfield,vlad.sutterfield@rchg.org.uk,4-Dec-22,December
E18318,Lona,Dosdell,lona.dosdell@rchg.org.uk,30-Dec-23,December
E12201,Kerrill,Yanuk,kerrill.yanuk@rchg.org.uk,3-Dec-21,December
E14918,Lacie,Bello,lacie.bello@rchg.org.uk,8-Dec-22,December
E15393,Ainslee,Scramage,ainslee.scramage@rchg.org.uk,25-Dec-23,December
E12038,Marcello,Oki,marcello.oki@rchg.org.uk,12-Dec-20,December
E19053,Trisha,Monan,trisha.monan@rchg.org.uk,21-Dec-21,December
E15802,Brooks,Saffon,brooks.saffon@rchg.org.uk,4-Dec-19,December
E11368,Aeriell,Whyborne,aeriell.whyborne@rchg.org.uk,1-Dec-23,December
E19160,Hogan,Sibille,hogan.sibille@rchg.org.uk,12-Dec-24,December
E14521,Orson,Cudby,orson.cudby@rchg.org.uk,15-Dec-21,December
E15788,Leontine,Bogie,leontine.bogie@rchg.org.uk,20-Dec-23,December
E13622,Rudiger,Masarrat,rudiger.masarrat@rchg.org.uk,10-Dec-18,December
E11221,Lynnette,Matushevich,lynnette.matushevich@rchg.org.uk,12-Dec-22,December
E12255,Pia,Micheau,pia.micheau@rchg.org.uk,16-Dec-18,December
E11580,Cristie,Riddeough,cristie.riddeough@rchg.org.uk,27-Dec-23,December
E11659,Caty,Fardy,caty.fardy@rchg.org.uk,18-Dec-19,December
E19925,Elly,Murr,elly.murr@rchg.org.uk,3-Dec-18,December
E12427,Cole,Booley,cole.booley@rchg.org.uk,25-Dec-19,December
E13879,Chere,Kenneway,chere.kenneway@rchg.org.uk,21-Dec-18,December
E12462,Kristi,Kensitt,kristi.kensitt@rchg.org.uk,18-Dec-23,December
E19427,Rodge,Brussell,rodge.brussell@rchg.org.uk,22-Dec-23,December
E12411,Percy,Foresight,percy.foresight@rchg.org.uk,16-Dec-22,December
E11988,Bryant,Rens,bryant.rens@rchg.org.uk,22-Dec-24,December
E13911,Lin,Saladine,lin.saladine@rchg.org.uk,31-Dec-18,December
E19701,Lutero,Varvell,lutero.varvell@rchg.org.uk,26-Dec-21,December
E16172,Wenda,Painten,wenda.painten@rchg.org.uk,19-Dec-21,December
E19285,Elwira,Algate,elwira.algate@rchg.org.uk,5-Dec-23,December
E11738,Noelle,Gartery,noelle.gartery@rchg.org.uk,20-Dec-18,December
E11763,Siobhan,Dalligan,siobhan.dalligan@rchg.org.uk,10-Dec-24,December
E19447,Nana,Chazelle,nana.chazelle@rchg.org.uk,28-Dec-23,December
E19594,Garrik,Freed,garrik.freed@rchg.org.uk,5-Dec-24,December
E17705,Gisele,Germann,gisele.germann@rchg.org.uk,10-Dec-21,December
E11101,Efrem,Scandred,efrem.scandred@rchg.org.uk,17-Dec-22,December
E15293,Leroy,Edgeler,leroy.edgeler@rchg.org.uk,22-Dec-19,December
E15641,Yolane,Newis,yolane.newis@rchg.org.uk,9-Dec-20,December
E13691,Kile,Bristow,kile.bristow@rchg.org.uk,18-Dec-23,December
E18910,Yevette,Kmieciak,yevette.kmieciak@rchg.org.uk,1-Dec-24,December
E11574,Lissa,Zanini,lissa.zanini@rchg.org.uk,29-Dec-21,December
E14573,Jone,Ritzman,jone.ritzman@rchg.org.uk,27-Dec-23,December
E18077,Alexandr,Kalker,alexandr.kalker@rchg.org.uk,3-Dec-24,December
E19225,Alverta,Ewbanks,alverta.ewbanks@rchg.org.uk,5-Dec-18,December
E17832,Janenna,Castiglioni,janenna.castiglioni@rchg.org.uk,21-Dec-18,December
E12527,Dyanne,Core,dyanne.core@rchg.org.uk,19-Jun-23,June
E13505,Carlene,Passo,carlene.passo@rchg.org.uk,21-Jun-21,June
E17301,Harriet,Loomis,harriet.loomis@rchg.org.uk,22-Jun-22,June
E13767,Abelard,Defau,abelard.defau@rchg.org.uk,27-Jun-23,June
E13998,Corine,Stoeckle,corine.stoeckle@rchg.org.uk,24-Jun-18,June
E14084,Stefania,Isacoff,stefania.isacoff@rchg.org.uk,28-Jun-21,June
E16262,Thacher,O'Towey,thacher.o'towey@rchg.org.uk,7-Jun-19,June
E12460,Orton,O'Drought,orton.o'drought@rchg.org.uk,8-Jun-23,June
E13026,Jeremiah,Negri,jeremiah.negri@rchg.org.uk,24-Jun-24,June
E17986,Dyane,Louw,dyane.louw@rchg.org.uk,8-Jun-23,June
E18964,Aylmar,Moral,aylmar.moral@rchg.org.uk,6-Jun-21,June
E15208,Roarke,Farran,roarke.farran@rchg.org.uk,29-Jun-21,June
E19229,Melina,Stanistreet,melina.stanistreet@rchg.org.uk,9-Jun-20,June
E13511,Irma,Petofi,irma.petofi@rchg.org.uk,22-Jun-18,June
E14887,Karil,Whyler,karil.whyler@rchg.org.uk,23-Jun-22,June
E12832,Olive,Escoffier,olive.escoffier@rchg.org.uk,22-Jun-23,June
E16646,Letti,Creebo,letti.creebo@rchg.org.uk,8-Jun-19,June
E19903,Patrick,Gardner,patrick.gardner@rchg.org.uk,9-Jun-24,June
E13470,Ivy,Crolla,ivy.crolla@rchg.org.uk,12-Jun-23,June
E13166,Lewiss,Thody,lewiss.thody@rchg.org.uk,19-Jun-21,June
E11220,Briny,Da Costa,briny.da costa@rchg.org.uk,13-Jun-23,June
E18576,Eolanda,Macoun,eolanda.macoun@rchg.org.uk,19-Jun-24,June
E18426,Rennie,Fullom,rennie.fullom@rchg.org.uk,12-Jun-21,June
E13896,Manuel,Lowey,manuel.lowey@rchg.org.uk,19-Jun-19,June
E11815,Regine,Pendrick,regine.pendrick@rchg.org.uk,16-Jun-18,June
E11540,Benjamen,MacLucais,benjamen.maclucais@rchg.org.uk,25-Jun-24,June
E13891,Heinrik,Bruster,heinrik.bruster@rchg.org.uk,19-Jun-22,June
E18651,Jan,Black,jan.black@rchg.org.uk,18-Jun-21,June
E12485,Dru,Cosh,dru.cosh@rchg.org.uk,20-Jun-24,June
E13200,Jeremie,Cavet,jeremie.cavet@rchg.org.uk,11-Jun-23,June
E19329,Alix,Hessel,alix.hessel@rchg.org.uk,29-Jun-19,June
E11851,Dallis,Ableson,dallis.ableson@rchg.org.uk,22-Jun-24,June
E18583,Kim,Unger,kim.unger@rchg.org.uk,5-Jun-22,June
E14198,Nannette,Zorer,nannette.zorer@rchg.org.uk,21-Jun-18,June
E19480,Fan,Whitney,fan.whitney@rchg.org.uk,15-Jun-19,June
E11478,Arnoldo,Buer,arnoldo.buer@rchg.org.uk,12-Jun-20,June
E13965,Lanita,Durek,lanita.durek@rchg.org.uk,9-Jun-20,June
E17366,Bo,Paddy,bo.paddy@rchg.org.uk,2-Jun-24,June
E13170,Phillie,Askie,phillie.askie@rchg.org.uk,3-Jun-20,June
E18754,Margaretta,Brickell,margaretta.brickell@rchg.org.uk,23-Jun-21,June
E13230,Cori,Kenan,cori.kenan@rchg.org.uk,24-Jun-22,June
E18174,Adriano,Raigatt,adriano.raigatt@rchg.org.uk,3-Jun-21,June
E15045,Marwin,Dowling,marwin.dowling@rchg.org.uk,11-Jun-24,June
E15975,Keenan,Killigrew,keenan.killigrew@rchg.org.uk,3-Jun-19,June
E13486,Beau,Mourton,beau.mourton@rchg.org.uk,28-Jun-24,June
E16773,Zelma,Goracci,zelma.goracci@rchg.org.uk,21-Jun-22,June
E12424,Gabriela,Kropp,gabriela.kropp@rchg.org.uk,21-Jun-20,June
E16283,Catherin,Benge,catherin.benge@rchg.org.uk,24-Jun-22,June
E17911,Auria,Cassell,auria.cassell@rchg.org.uk,2-Jun-23,June
E12629,Zacharias,Branscomb,zacharias.branscomb@rchg.org.uk,12-Jun-19,June
E14245,Daniele,Tittletross,daniele.tittletross@rchg.org.uk,2-Jun-20,June
E19187,Annmarie,Rowswell,annmarie.rowswell@rchg.org.uk,14-Jun-23,June
E11363,Corinna,Espinal,corinna.espinal@rchg.org.uk,26-Jun-24,June
E15392,Gavin,Densey,gavin.densey@rchg.org.uk,16-Jun-23,June
E17547,Vivienne,Adney,vivienne.adney@rchg.org.uk,5-Jun-19,June
E19711,Dwayne,Mitchell,dwayne.mitchell@rchg.org.uk,3-Jun-22,June
E18159,Weber,Grima,weber.grima@rchg.org.uk,29-Jun-22,June
E16470,Jaime,Stollberger,jaime.stollberger@rchg.org.uk,10-Jun-21,June
E14792,Bartholemy,Knowling,bartholemy.knowling@rchg.org.uk,7-Jun-20,June
E18919,Casey,Fulger,casey.fulger@rchg.org.uk,9-Jun-22,June
E17406,Kira,McGinty,kira.mcginty@rchg.org.uk,27-Jun-18,June
E16081,Karita,Bosquet,karita.bosquet@rchg.org.uk,26-Jun-20,June
E13842,Ozzie,Dilrew,ozzie.dilrew@rchg.org.uk,4-Jun-19,June
E18249,Eleni,Basant,eleni.basant@rchg.org.uk,23-Jun-24,June
E11759,Minny,Blant,minny.blant@rchg.org.uk,27-Jun-24,June
E13407,Curtice,Beeson,curtice.beeson@rchg.org.uk,26-Jun-21,June
E12112,Kendra,Goomes,kendra.goomes@rchg.org.uk,11-Jun-20,June
E14557,Rand,Chippendale,rand.chippendale@rchg.org.uk,13-Jun-23,June
E13972,Jarret,Baumford,jarret.baumford@rchg.org.uk,12-Jun-22,June
E12670,Frayda,Cana,frayda.cana@rchg.org.uk,21-Jun-20,June
E19881,Brian,Bosanko,brian.bosanko@rchg.org.uk,21-Jun-21,June
E16256,Randie,Comi,randie.comi@rchg.org.uk,4-Jun-21,June
E17861,Dina,Bavage,dina.bavage@rchg.org.uk,8-Jun-18,June
E14698,Arnoldo,Lugg,arnoldo.lugg@rchg.org.uk,7-Jun-24,June
E19426,Alexandr,Shoute,alexandr.shoute@rchg.org.uk,6-Jun-22,June
E18493,Sharyl,Westwater,sharyl.westwater@rchg.org.uk,23-Jun-23,June
E18025,Gaylor,Figures,gaylor.figures@rchg.org.uk,4-Jun-24,June
E12777,Peder,Yakuntzov,peder.yakuntzov@rchg.org.uk,4-Aug-22,August
E11830,Bastien,Osgorby,bastien.osgorby@rchg.org.uk,9-Aug-21,August
E15377,Siusan,Fasler,siusan.fasler@rchg.org.uk,2-Aug-21,August
E15027,Kassandra,Fronsek,kassandra.fronsek@rchg.org.uk,19-Aug-18,August
E14213,Burl,Domke,burl.domke@rchg.org.uk,21-Aug-22,August
E19205,Emalia,Waddie,emalia.waddie@rchg.org.uk,6-Aug-22,August
E19823,Julita,Olensby,julita.olensby@rchg.org.uk,15-Aug-20,August
E13091,Evan,Sentance,evan.sentance@rchg.org.uk,1-Aug-24,August
E16675,Phillipp,Imore,phillipp.imore@rchg.org.uk,24-Aug-22,August
E17248,Britni,Yes,britni.yes@rchg.org.uk,10-Aug-22,August
E12929,Thedric,Broadfield,thedric.broadfield@rchg.org.uk,31-Aug-20,August
E13799,Gaby,Boerderman,gaby.boerderman@rchg.org.uk,22-Aug-21,August
E19188,Livvyy,Gribbins,livvyy.gribbins@rchg.org.uk,14-Aug-21,August
E17278,Silvia,Naulty,silvia.naulty@rchg.org.uk,4-Aug-20,August
E16389,Dalt,Welchman,dalt.welchman@rchg.org.uk,15-Aug-22,August
E19659,Troy,Antuoni,troy.antuoni@rchg.org.uk,18-Aug-23,August
E18759,Tommie,Brekonridge,tommie.brekonridge@rchg.org.uk,2-Aug-18,August
E15935,Sammy,Steggals,sammy.steggals@rchg.org.uk,1-Aug-19,August
E18756,Rosco,Brodley,rosco.brodley@rchg.org.uk,27-Aug-21,August
E16886,Piotr,Danilyak,piotr.danilyak@rchg.org.uk,8-Aug-18,August
E12695,Redd,Skeen,redd.skeen@rchg.org.uk,20-Aug-24,August
E14185,Agata,Beagley,agata.beagley@rchg.org.uk,7-Aug-22,August
E14080,Josias,Boffin,josias.boffin@rchg.org.uk,7-Aug-20,August
E13487,Blair,Novacek,blair.novacek@rchg.org.uk,11-Aug-21,August
E18937,Gabriele,Van Ross,gabriele.van ross@rchg.org.uk,1-Aug-18,August
E17227,Atlanta,Moyle,atlanta.moyle@rchg.org.uk,30-Aug-22,August
E18506,Adelle,Litherland,adelle.litherland@rchg.org.uk,15-Aug-18,August
E16041,Rolland,Matei,rolland.matei@rchg.org.uk,28-Aug-23,August
E12835,Sigismondo,Chong,sigismondo.chong@rchg.org.uk,3-Aug-19,August
E17827,Goddard,Guess,goddard.guess@rchg.org.uk,18-Aug-21,August
E14000,Baryram,Kinkead,baryram.kinkead@rchg.org.uk,5-Aug-20,August
E12539,Pia,Duinbleton,pia.duinbleton@rchg.org.uk,7-Aug-21,August
E15603,Teodoor,Ewdale,teodoor.ewdale@rchg.org.uk,16-Aug-18,August
E17588,Wyatt,Canizares,wyatt.canizares@rchg.org.uk,28-Aug-18,August
E16790,Darrick,Drepp,darrick.drepp@rchg.org.uk,11-Aug-20,August
E11377,Brewster,Drayson,brewster.drayson@rchg.org.uk,20-Aug-20,August
E16738,Skylar,Jakubovsky,skylar.jakubovsky@rchg.org.uk,18-Aug-18,August
E19772,Garvin,Bowich,garvin.bowich@rchg.org.uk,19-Aug-21,August
E17382,Laurette,Godbert,laurette.godbert@rchg.org.uk,12-Aug-21,August
E16927,Raffarty,Searles,raffarty.searles@rchg.org.uk,11-Aug-20,August
E17600,Kerr,McFade,kerr.mcfade@rchg.org.uk,20-Aug-23,August
E12388,Neale,Moral,neale.moral@rchg.org.uk,2-Aug-20,August
E17331,Si,Ledgister,si.ledgister@rchg.org.uk,5-Aug-24,August
E16404,Ingar,Ribbens,ingar.ribbens@rchg.org.uk,24-Aug-21,August
E16467,Kasper,Adamczewski,kasper.adamczewski@rchg.org.uk,6-Aug-21,August
E15488,Eilis,Phalip,eilis.phalip@rchg.org.uk,23-Aug-22,August
E17067,Gayla,McCreath,gayla.mccreath@rchg.org.uk,4-Aug-24,August
E14304,Johannes,Sallans,johannes.sallans@rchg.org.uk,4-Aug-18,August
E16214,Lonnard,Sussems,lonnard.sussems@rchg.org.uk,27-Aug-21,August
E17309,Silvanus,Paddie,silvanus.paddie@rchg.org.uk,10-Aug-21,August
E17165,Tom,Mulvihill,tom.mulvihill@rchg.org.uk,9-Aug-23,August
E16390,Redd,Hugonneau,redd.hugonneau@rchg.org.uk,30-Aug-23,August
E13025,Skipton,Whylie,skipton.whylie@rchg.org.uk,2-Aug-20,August
E12663,Tate,Grinov,tate.grinov@rchg.org.uk,7-Aug-24,August
E18600,Moe,Wesson,moe.wesson@rchg.org.uk,1-Aug-21,August
E17459,Oliviero,Scurrey,oliviero.scurrey@rchg.org.uk,10-Aug-19,August
E15265,Steve,Raubheim,steve.raubheim@rchg.org.uk,19-Aug-23,August
E15849,Jeanette,Finding,jeanette.finding@rchg.org.uk,25-Aug-20,August
E13508,Tam,Essam,tam.essam@rchg.org.uk,19-Aug-24,August
E16199,Lottie,Ching,lottie.ching@rchg.org.uk,16-Aug-19,August
E18578,Delcina,Lyddiard,delcina.lyddiard@rchg.org.uk,17-Aug-19,August
E14396,Rob,Blaksley,rob.blaksley@rchg.org.uk,8-Aug-24,August
E15689,Chickie,Porker,chickie.porker@rchg.org.uk,27-Aug-19,August
E19837,Ericha,Daniell,ericha.daniell@rchg.org.uk,13-Aug-19,August
E13547,Pier,Barkas,pier.barkas@rchg.org.uk,31-Aug-19,August
E12963,Joni,Mabson,joni.mabson@rchg.org.uk,21-Aug-20,August
E11530,Laverna,Chung,laverna.chung@rchg.org.uk,26-Aug-21,August
E17033,Gardy,MacCaughey,gardy.maccaughey@rchg.org.uk,14-Aug-22,August
E13463,Heinrik,Heintzsch,heinrik.heintzsch@rchg.org.uk,8-Aug-24,August
E13833,Dewey,Hearsey,dewey.hearsey@rchg.org.uk,22-Aug-24,August
E17947,Siouxie,Beckenham,siouxie.beckenham@rchg.org.uk,14-Aug-24,August
E13105,Missie,MacPhail,missie.macphail@rchg.org.uk,13-Aug-22,August
E17708,Felecia,Georgeau,felecia.georgeau@rchg.org.uk,10-Aug-21,August
E12524,Merna,Millions,merna.millions@rchg.org.uk,13-Aug-22,August
E13610,Randy,Shotboulte,randy.shotboulte@rchg.org.uk,24-Aug-23,August
E19929,Stephie,Meadway,stephie.meadway@rchg.org.uk,9-Aug-24,August
E18781,Darcey,Benedito,darcey.benedito@rchg.org.uk,26-Aug-20,August
E12732,Hadlee,Panton,hadlee.panton@rchg.org.uk,14-Feb-22,February
E15751,Jerrilee,Want,jerrilee.want@rchg.org.uk,20-Feb-21,February
E12186,Hyatt,Monument,hyatt.monument@rchg.org.uk,11-Feb-19,February
E12272,Gan,Jefferson,gan.jefferson@rchg.org.uk,26-Feb-24,February
E16154,Clay,Janney,clay.janney@rchg.org.uk,3-Feb-22,February
E14136,Billie,Cadore,billie.cadore@rchg.org.uk,28-Feb-18,February
E15895,Maudie,Bootes,maudie.bootes@rchg.org.uk,9-Feb-24,February
E18018,Marcello,Maryin,marcello.maryin@rchg.org.uk,21-Feb-21,February
E14324,Cilka,Yegorkov,cilka.yegorkov@rchg.org.uk,25-Feb-20,February
E15441,Washington,Gerriets,washington.gerriets@rchg.org.uk,9-Feb-24,February
E19432,Doy,Skeleton,doy.skeleton@rchg.org.uk,24-Feb-24,February
E18280,Alvin,Rosiello,alvin.rosiello@rchg.org.uk,25-Feb-19,February
E18498,Jacenta,Bestman,jacenta.bestman@rchg.org.uk,2-Feb-19,February
E12095,Godfree,Bines,godfree.bines@rchg.org.uk,10-Feb-19,February
E15717,Caralie,Morcom,caralie.morcom@rchg.org.uk,19-Feb-22,February
E12586,Jannelle,Schild,jannelle.schild@rchg.org.uk,13-Feb-22,February
E19090,Joseph,Schooling,joseph.schooling@rchg.org.uk,13-Feb-24,February
E11892,Seymour,Pedlingham,seymour.pedlingham@rchg.org.uk,28-Feb-19,February
E18434,Lyda,Valeri,lyda.valeri@rchg.org.uk,4-Feb-20,February
E12396,Shalna,Moule,shalna.moule@rchg.org.uk,19-Feb-21,February
E11099,Uriah,Pescott,uriah.pescott@rchg.org.uk,19-Feb-20,February
E15401,Bobbee,Farland,bobbee.farland@rchg.org.uk,1-Feb-24,February
E19872,Abran,McGavigan,abran.mcgavigan@rchg.org.uk,24-Feb-21,February
E17570,Corinne,Sherbrook,corinne.sherbrook@rchg.org.uk,3-Feb-19,February
E18720,Jereme,Poli,jereme.poli@rchg.org.uk,8-Feb-20,February
E17833,Garnet,McClements,garnet.mcclements@rchg.org.uk,6-Feb-24,February
E17290,Bertrando,Hayter,bertrando.hayter@rchg.org.uk,5-Feb-19,February
E14946,Inge,Hawker,inge.hawker@rchg.org.uk,2-Feb-20,February
E12571,Bevvy,Dowdney,bevvy.dowdney@rchg.org.uk,28-Feb-18,February
E11586,Torre,Schneidau,torre.schneidau@rchg.org.uk,24-Feb-21,February
E19950,Jacinda,Joynt,jacinda.joynt@rchg.org.uk,17-Feb-19,February
E13625,Ernest,Ughetti,ernest.ughetti@rchg.org.uk,11-Feb-22,February
E11699,Jereme,Baldoni,jereme.baldoni@rchg.org.uk,7-Feb-24,February
E12296,Inge,Eschalette,inge.eschalette@rchg.org.uk,13-Feb-22,February
E17083,Isidro,Jeaneau,isidro.jeaneau@rchg.org.uk,12-Feb-22,February
E13765,Annie,Fulk,annie.fulk@rchg.org.uk,4-Feb-21,February
E19508,Dulcinea,Menichino,dulcinea.menichino@rchg.org.uk,23-Feb-19,February
E11501,Ray,McHan,ray.mchan@rchg.org.uk,23-Feb-20,February
E19168,Niko,Sloy,niko.sloy@rchg.org.uk,9-Feb-19,February
E17509,Meris,Petzolt,meris.petzolt@rchg.org.uk,3-Feb-23,February
E11735,Kain,Pandya,kain.pandya@rchg.org.uk,8-Feb-22,February
E11810,Gherardo,Barsam,gherardo.barsam@rchg.org.uk,24-Feb-23,February
E13582,Celinda,Petr,celinda.petr@rchg.org.uk,4-Feb-24,February
E15889,Emlyn,Golsthorp,emlyn.golsthorp@rchg.org.uk,25-Feb-22,February
E14291,Derry,Tellesson,derry.tellesson@rchg.org.uk,24-Feb-24,February
E14253,Staci,Delagnes,staci.delagnes@rchg.org.uk,28-Feb-23,February
E13574,Katrine,Audenis,katrine.audenis@rchg.org.uk,19-Feb-24,February
E13111,Dennet,Ivakhnov,dennet.ivakhnov@rchg.org.uk,4-Feb-24,February
E17639,Aida,Brantl,aida.brantl@rchg.org.uk,23-Feb-22,February
E15887,Kristos,Collinson,kristos.collinson@rchg.org.uk,26-Feb-19,February
E15769,Josepha,Gourlie,josepha.gourlie@rchg.org.uk,3-Feb-22,February
E18733,Jere,Boulton,jere.boulton@rchg.org.uk,19-Feb-20,February
E13983,Doralynn,Maruszewski,doralynn.maruszewski@rchg.org.uk,27-Feb-20,February
E11393,Guillemette,Gimert,guillemette.gimert@rchg.org.uk,21-Feb-20,February
E16721,Darlene,Ashfold,darlene.ashfold@rchg.org.uk,15-Feb-19,February
E14781,Winfield,Hatchell,winfield.hatchell@rchg.org.uk,29-Feb-24,February
E18837,Darrin,Pigne,darrin.pigne@rchg.org.uk,22-Feb-18,February
E18107,Ines,Moorerud,ines.moorerud@rchg.org.uk,4-Feb-24,February
E12302,Julius,Kernes,julius.kernes@rchg.org.uk,15-Feb-22,February
E11404,Otes,Windus,otes.windus@rchg.org.uk,21-Feb-22,February
E14154,Fonsie,Seale,fonsie.seale@rchg.org.uk,5-Feb-23,February
E16498,Ingmar,Alder,ingmar.alder@rchg.org.uk,27-Feb-25,February
E18260,Imogen,Poundford,imogen.poundford@rchg.org.uk,6-Feb-25,February
E18121,Matt,McCrann,matt.mccrann@rchg.org.uk,25-Feb-19,February
E15057,Paulita,Lehon,paulita.lehon@rchg.org.uk,4-Feb-22,February
E18825,Tommy,Stern,tommy.stern@rchg.org.uk,20-Feb-20,February
E11622,Bartholemy,Espinosa,bartholemy.espinosa@rchg.org.uk,26-Feb-23,February
E16443,Saunders,Willmett,saunders.willmett@rchg.org.uk,16-Feb-19,February
E16504,Dorothee,Mitten,dorothee.mitten@rchg.org.uk,5-Feb-22,February
E15629,Guglielmo,Huetson,guglielmo.huetson@rchg.org.uk,2-Feb-22,February
E11089,Joane,Lanceley,joane.lanceley@rchg.org.uk,9-Feb-20,February
E13779,Romain,Cubbinelli,romain.cubbinelli@rchg.org.uk,19-Feb-22,February
E19030,Hilarius,McNeigh,hilarius.mcneigh@rchg.org.uk,3-Feb-21,February
E18604,Sibyl,Colville,sibyl.colville@rchg.org.uk,18-Feb-24,February
E12284,Gilda,Halgarth,gilda.halgarth@rchg.org.uk,10-Sep-21,September
E17437,Chrysa,Chesney,chrysa.chesney@rchg.org.uk,16-Sep-19,September
E13118,Marsiella,Gilstoun,marsiella.gilstoun@rchg.org.uk,2-Sep-23,September
E11358,Barron,Sowersby,barron.sowersby@rchg.org.uk,10-Sep-21,September
E11039,Maddie,Dyter,maddie.dyter@rchg.org.uk,28-Sep-22,September
E14869,Garek,McMullen,garek.mcmullen@rchg.org.uk,17-Sep-20,September
E12726,Gary,Creaney,gary.creaney@rchg.org.uk,8-Sep-24,September
E11563,Rich,Colebrook,rich.colebrook@rchg.org.uk,3-Sep-18,September
E18363,Tyne,Rushford,tyne.rushford@rchg.org.uk,16-Sep-21,September
E12342,Whitman,Jerwood,whitman.jerwood@rchg.org.uk,25-Sep-20,September
E14789,Ave,Brauns,ave.brauns@rchg.org.uk,2-Sep-24,September
E16376,Muire,Sparshatt,muire.sparshatt@rchg.org.uk,18-Sep-20,September
E16091,Onofredo,Jakubovski,onofredo.jakubovski@rchg.org.uk,12-Sep-22,September
E13873,Kimberli,Ropkins,kimberli.ropkins@rchg.org.uk,24-Sep-20,September
E14579,Rodolph,Senner,rodolph.senner@rchg.org.uk,23-Sep-22,September
E13862,Dannie,Luke,dannie.luke@rchg.org.uk,23-Sep-24,September
E12678,Rosamond,Bruck,rosamond.bruck@rchg.org.uk,22-Sep-19,September
E11577,Lynsey,Colquitt,lynsey.colquitt@rchg.org.uk,12-Sep-24,September
E12699,Maryjane,Kail,maryjane.kail@rchg.org.uk,1-Sep-22,September
E16631,Goldia,Beccles,goldia.beccles@rchg.org.uk,10-Sep-19,September
E11437,Adrea,Glowacki,adrea.glowacki@rchg.org.uk,23-Sep-18,September
E18987,Zoe,Deetlof,zoe.deetlof@rchg.org.uk,17-Sep-21,September
E16965,Zacherie,Ballance,zacherie.ballance@rchg.org.uk,10-Sep-23,September
E12081,Shirley,Churchman,shirley.churchman@rchg.org.uk,12-Sep-21,September
E17530,Quintana,Turpey,quintana.turpey@rchg.org.uk,8-Sep-22,September
E11832,Euphemia,Legging,euphemia.legging@rchg.org.uk,13-Sep-19,September
E18857,Witty,Vigne,witty.vigne@rchg.org.uk,26-Sep-19,September
E16762,Genovera,Rydzynski,genovera.rydzynski@rchg.org.uk,21-Sep-24,September
E19016,Cass,Battrick,cass.battrick@rchg.org.uk,27-Sep-18,September
E14180,Selene,Tythe,selene.tythe@rchg.org.uk,22-Sep-18,September
E17491,Marjie,O'Halloran,marjie.o'halloran@rchg.org.uk,9-Sep-21,September
E13692,Kira,Dedmam,kira.dedmam@rchg.org.uk,22-Sep-21,September
E17053,Cecil,Glasner,cecil.glasner@rchg.org.uk,19-Sep-22,September
E18820,Shalna,Burberow,shalna.burberow@rchg.org.uk,13-Sep-23,September
E12884,Lida,Saundercock,lida.saundercock@rchg.org.uk,29-Sep-23,September
E15972,Carter,Duffill,carter.duffill@rchg.org.uk,27-Sep-21,September
E16438,Avis,Mumbeson,avis.mumbeson@rchg.org.uk,19-Sep-22,September
E16998,Somerset,Foxon,somerset.foxon@rchg.org.uk,22-Sep-18,September
E18905,Pansy,Hatherell,pansy.hatherell@rchg.org.uk,3-Sep-18,September
E19560,Ruggiero,Simeons,ruggiero.simeons@rchg.org.uk,8-Sep-19,September
E19718,Sol,Turvie,sol.turvie@rchg.org.uk,17-Sep-21,September
E17579,Berton,Tansly,berton.tansly@rchg.org.uk,13-Sep-19,September
E15950,Melloney,Jelly,melloney.jelly@rchg.org.uk,10-Sep-19,September
E13598,Deidre,Heningham,deidre.heningham@rchg.org.uk,20-Sep-19,September
E13570,Alexis,Boule,alexis.boule@rchg.org.uk,29-Sep-20,September
E18582,Viviana,Kenington,viviana.kenington@rchg.org.uk,26-Sep-24,September
E12585,Dwayne,Petyanin,dwayne.petyanin@rchg.org.uk,10-Sep-21,September
E18993,Lulita,Petrecz,lulita.petrecz@rchg.org.uk,28-Sep-21,September
E12686,Boote,Gregg,boote.gregg@rchg.org.uk,11-Sep-23,September
E19003,Dorey,O'Dowling,dorey.o'dowling@rchg.org.uk,17-Sep-19,September
E15049,Carey,Tomek,carey.tomek@rchg.org.uk,21-Sep-21,September
E17672,Clemmie,Moisey,clemmie.moisey@rchg.org.uk,5-Sep-22,September
E16945,Jose,Gueste,jose.gueste@rchg.org.uk,14-Sep-18,September
E19840,Opaline,Lapides,opaline.lapides@rchg.org.uk,21-Sep-22,September
E18661,Isidor,Farragher,isidor.farragher@rchg.org.uk,18-Sep-23,September
E18305,Allyn,Brock,allyn.brock@rchg.org.uk,5-Sep-20,September
E12382,Annmaria,Noriega,annmaria.noriega@rchg.org.uk,11-Sep-20,September
E14817,Hewett,Spieght,hewett.spieght@rchg.org.uk,29-Sep-18,September
E12672,Maison,Heddan,maison.heddan@rchg.org.uk,4-Sep-20,September
E13528,Nicky,Sirrell,nicky.sirrell@rchg.org.uk,29-Sep-23,September
E14689,Britt,Chicco,britt.chicco@rchg.org.uk,10-Sep-22,September
E14762,Clayborn,Wallbrook,clayborn.wallbrook@rchg.org.uk,27-Sep-24,September
E12333,Cesare,Schimek,cesare.schimek@rchg.org.uk,20-Sep-22,September
E11835,Abbe,Royson,abbe.royson@rchg.org.uk,25-Sep-18,September
E12611,Moshe,Persich,moshe.persich@rchg.org.uk,24-Sep-20,September
E19568,Ashlan,Cheshir,ashlan.cheshir@rchg.org.uk,1-Sep-23,September
E11843,Lazar,Shevell,lazar.shevell@rchg.org.uk,2-Sep-23,September
E17016,Francesco,Jankin,francesco.jankin@rchg.org.uk,5-Sep-20,September
E16145,Yettie,Waterhouse,yettie.waterhouse@rchg.org.uk,27-Sep-22,September
E13571,Perl,Cox,perl.cox@rchg.org.uk,13-Sep-24,September
E18727,Lucina,Millhouse,lucina.millhouse@rchg.org.uk,12-Sep-19,September
E15092,Isabella,Briers,isabella.briers@rchg.org.uk,8-Sep-21,September
E12325,Rudie,Ashpole,rudie.ashpole@rchg.org.uk,30-Apr-20,April
E11041,Roscoe,Prester,roscoe.prester@rchg.org.uk,15-Apr-19,April
E18925,Ailee,Rudgerd,ailee.rudgerd@rchg.org.uk,1-Apr-19,April
E17004,Brunhilda,Buckingham,brunhilda.buckingham@rchg.org.uk,27-Apr-23,April
E15946,Devin,Kopp,devin.kopp@rchg.org.uk,3-Apr-22,April
E14939,Clementia,McCafferky,clementia.mccafferky@rchg.org.uk,22-Apr-18,April
E15333,Dillon,Kirrens,dillon.kirrens@rchg.org.uk,2-Apr-24,April
E18049,Reidar,Crocombe,reidar.crocombe@rchg.org.uk,9-Apr-20,April
E19381,Luis,Clough,luis.clough@rchg.org.uk,30-Apr-24,April
E11822,Moshe,Cottom,moshe.cottom@rchg.org.uk,7-Apr-24,April
E14252,Vania,Jobe,vania.jobe@rchg.org.uk,18-Apr-21,April
E11370,Rana,Briddock,rana.briddock@rchg.org.uk,11-Apr-19,April
E14156,Carlin,Bausmann,carlin.bausmann@rchg.org.uk,2-Apr-20,April
E19420,Abie,Eames,abie.eames@rchg.org.uk,28-Apr-24,April
E19820,Sianna,Finden,sianna.finden@rchg.org.uk,28-Apr-21,April
E14470,Stephanus,Olyfat,stephanus.olyfat@rchg.org.uk,16-Apr-18,April
E11333,Eleen,Iacovaccio,eleen.iacovaccio@rchg.org.uk,25-Apr-24,April
E11765,Chariot,Hurne,chariot.hurne@rchg.org.uk,14-Apr-23,April
E19587,Corri,O'Dowling,corri.o'dowling@rchg.org.uk,22-Apr-20,April
E12407,Harris,Bibey,harris.bibey@rchg.org.uk,18-Apr-18,April
E12795,Hughie,Huntingdon,hughie.huntingdon@rchg.org.uk,15-Apr-22,April
E16561,Sonny,Yeardsley,sonny.yeardsley@rchg.org.uk,20-Apr-24,April
E17396,Tersina,McMonnies,tersina.mcmonnies@rchg.org.uk,2-Apr-19,April
E11629,Gorden,Bollin,gorden.bollin@rchg.org.uk,12-Apr-20,April
E17556,Lezley,Lomansey,lezley.lomansey@rchg.org.uk,18-Apr-19,April
E18009,Benedikta,Simone,benedikta.simone@rchg.org.uk,12-Apr-18,April
E11319,Rafi,O'Harney,rafi.o'harney@rchg.org.uk,19-Apr-23,April
E12191,Philip,Cheer,philip.cheer@rchg.org.uk,6-Apr-21,April
E16040,Wandis,Glendza,wandis.glendza@rchg.org.uk,17-Apr-21,April
E11670,Jelene,Bartholomaus,jelene.bartholomaus@rchg.org.uk,21-Apr-18,April
E14446,Merrielle,Ormond,merrielle.ormond@rchg.org.uk,30-Apr-19,April
E14595,Maurice,Goosey,maurice.goosey@rchg.org.uk,3-Apr-18,April
E13735,Harwilll,Shead,harwilll.shead@rchg.org.uk,16-Apr-19,April
E13009,Sutton,Niland,sutton.niland@rchg.org.uk,20-Apr-21,April
E12373,Claudius,Whatford,claudius.whatford@rchg.org.uk,13-Apr-19,April
E13640,Friederike,Cona,friederike.cona@rchg.org.uk,15-Apr-20,April
E17598,Mehetabel,Juarez,mehetabel.juarez@rchg.org.uk,26-Apr-19,April
E11482,Roda,Matteucci,roda.matteucci@rchg.org.uk,28-Apr-19,April
E14648,Sela,Puleston,sela.puleston@rchg.org.uk,29-Apr-23,April
E14432,Lay,Neame,lay.neame@rchg.org.uk,25-Apr-22,April
E17280,Davie,Vasyukov,davie.vasyukov@rchg.org.uk,22-Apr-20,April
E13122,Catie,Vigors,catie.vigors@rchg.org.uk,22-Apr-22,April
E18904,Clair,Azam,clair.azam@rchg.org.uk,13-Apr-20,April
E16507,Heinrick,Millsom,heinrick.millsom@rchg.org.uk,6-Apr-22,April
E13936,Misti,Icke,misti.icke@rchg.org.uk,14-Apr-24,April
E11145,Laryssa,Perrelle,laryssa.perrelle@rchg.org.uk,30-Apr-24,April
E14228,Valentijn,Patters,valentijn.patters@rchg.org.uk,26-Apr-20,April
E15949,Leon,Cacacie,leon.cacacie@rchg.org.uk,11-Apr-21,April
E19180,Brinn,Fearns,brinn.fearns@rchg.org.uk,15-Apr-20,April
E18978,Charmine,Pillifant,charmine.pillifant@rchg.org.uk,1-Apr-20,April
E12945,Nellie,Tatteshall,nellie.tatteshall@rchg.org.uk,9-Apr-22,April
E16143,Zebulen,Felten,zebulen.felten@rchg.org.uk,16-Apr-21,April
E17551,Dorita,Kinzett,dorita.kinzett@rchg.org.uk,9-Apr-24,April
E11331,Kristan,Janjic,kristan.janjic@rchg.org.uk,30-Apr-19,April
E18955,Alister,Dalzell,alister.dalzell@rchg.org.uk,15-Apr-20,April
E13443,Mitchel,Dono,mitchel.dono@rchg.org.uk,3-Apr-22,April
E19661,Codi,Martinet,codi.martinet@rchg.org.uk,6-Apr-24,April
E13258,Cody,Spadeck,cody.spadeck@rchg.org.uk,15-Apr-18,April
E16111,Modestia,Greatbatch,modestia.greatbatch@rchg.org.uk,27-Apr-18,April
E16092,Joyan,Bilton,joyan.bilton@rchg.org.uk,16-Apr-22,April
E17553,Laney,Niccols,laney.niccols@rchg.org.uk,30-Apr-19,April
E18005,Lainey,Cammack,lainey.cammack@rchg.org.uk,24-Apr-18,April
E12205,Shanan,Paramor,shanan.paramor@rchg.org.uk,9-Apr-19,April
E19743,Deanna,Fullerton,deanna.fullerton@rchg.org.uk,25-Apr-20,April
E14022,Yancy,Latore,yancy.latore@rchg.org.uk,14-Apr-19,April
E16680,Shelagh,Soltan,shelagh.soltan@rchg.org.uk,20-Apr-21,April
E17055,Leo,Gadie,leo.gadie@rchg.org.uk,3-Apr-22,April
E17984,Stefano,Shelborne,stefano.shelborne@rchg.org.uk,17-Apr-22,April
E19822,Guinevere,Stammer,guinevere.stammer@rchg.org.uk,7-Apr-21,April
